HIT_ID,Worker_ID,Assignment_ID,Sample_Row_Name,Sample_Row_Index,Unique_HIT_Index,Unset,Stalls,ConsSD,DiffSD,repeatDiffs,Goldcount,goldDiffs
3MGHRFQY3BGSUWS2J0UTPEAIRQH0YC,A1AXP3SCV8SPM,30BXRYBRQVO13B1SS9ORYTKE4ZXHW6,row_0,0,0,30,0,23.12998257132936,37.59375,"[19.0, 8.0, 20.0, 2.0, 20.0, 2.0, 12.0]",4,"[6.530000000000001, 11.829999999999998, 15.689999999999998, 17.430000000000007]"
3MGHRFQY3BGSUWS2J0UTPEAIRQH0YC,A2S834OHCORO1W,33CKWXB74ABXYZ0BTWWLDGEDRXV11V,row_0,0,0,30,2,16.486233603752556,22.640625,"[32.0, 14.0, 23.0, 1.0, 13.0]",4,"[36.47, 12.829999999999998, 0.6899999999999977, 2.430000000000007]"
3MGHRFQY3BGSUWS2J0UTPEAIRQH0YC,A2P8V9PAWGNXVM,35GCEFQ6JWFQ3YZYOBJWT3DM2UHZ31,row_0,0,0,30,0,12.062408921288277,27.6875,"[5.0, 5.0, 5.0, 2.0, 7.0, 8.0, 3.0]",4,"[23.47, 14.829999999999998, 6.689999999999998, 32.43000000000001]"
3MGHRFQY3BGSUWS2J0UTPEAIRQH0YC,A2N6SUG2FS534I,3CCZ6YKWSYAEBM4PYWDQVC9D1OG59G,row_0,0,0,30,0,19.06838408162514,25.59375,"[10.0, 6.0, 1.0]",4,"[10.469999999999999, 35.83, 21.310000000000002, 49.43000000000001]"
3MGHRFQY3BGSUWS2J0UTPEAIRQH0YC,A3V3F4X6GH6VPV,3LS2AMNW66H6BVRTKDKBQDZTSKGQOL,row_0,0,0,30,0,9.725015564736902,27.875,"[4.0, 1.0, 3.0, 5.0, 0.0, 9.0, 0.0]",4,"[19.47, 18.83, 9.689999999999998, 29.430000000000007]"
