HIT_ID,Worker_ID,Assignment_ID,Sample_Row_Name,Sample_Row_Index,Unique_HIT_Index,Unset,Stalls,ConsSD,DiffSD,repeatDiffs,Goldcount,goldDiffs
3JTPR5MT0I3W5YPMCRZEX1RYAODK5Q,ABVPW8753ZBJO,340UGXU9EPSTT8772YQUV6QQU7PUVN,row_0,0,0,6,2,15.49998269197693,28.359550561797754,"[13.0, 11.0, 6.0, 7.0, 7.0, 11.0]",4,"[51.47, 36.83, 1.3100000000000023, 27.430000000000007]"
3JTPR5MT0I3W5YPMCRZEX1RYAODK5Q,A2IK3H6MQ1QV6E,3RGU30DZU1Z1P524C7LP18Y2LIPMJF,row_0,0,0,30,2,19.01397512357687,29.4375,"[4.0, 20.0, 1.0, 5.0, 0.0, 9.0]",4,"[63.47, 20.83, 10.310000000000002, 1.5699999999999932]"
