HIT_ID,Worker_ID,Assignment_ID,Sample_Row_Name,Sample_Row_Index,Unique_HIT_Index,Unset,Stalls,ConsSD,DiffSD,repeatDiffs,Goldcount,goldDiffs
3M47JKRKDNS8T1NZ8LCGZ2W7BFX866,ACBK30I7R42NI,3FUI0JHJQOPPI5S534ONP287OJX33S,row_0,0,0,6,1,15.65542938203237,28.08888888888889,"[1.0, 4.0, 21.0, 31.0, 22.0, 1.0]",4,"[9.469999999999999, 7.170000000000002, 22.689999999999998, 29.430000000000007]"
3M47JKRKDNS8T1NZ8LCGZ2W7BFX866,A3KGCURZJ02L3,3GM6G9ZBLEOV38Y9O1ZT3ELBHTBTM2,row_0,0,0,6,3,14.143898915900449,29.1,"[3.0, 0.0, 13.0, 11.0, 17.0, 9.0]",4,"[25.47, 19.17, 10.689999999999998, 14.430000000000007]"
3E9ZFLPWPOJE1MJ8IUXXC435BF1IXI,AT5SRP5JN4KXN,3N2BF7Y2WHL5YZ7EO7I4PVIN7JEMHO,row_0,0,0,6,7,11.180435867785407,24.921348314606742,"[9.0, 22.0, 32.0, 20.0, 37.0, 6.0]",4,"[20.47, 2.8299999999999983, 23.689999999999998, 40.43000000000001]"
3UL5XDRDO2ACAXNL322B7WI7FKM85Q,AT5SRP5JN4KXN,3QIYRE09ZU80C670YJUJANRGVGF1NJ,row_0,0,0,30,8,15.109244064424503,27.893939393939394,"[0.0, 1.0, 11.0, 9.0]",3,"[29.47, 28.83, 6.689999999999998]"
