HIT_ID,Worker_ID,Assignment_ID,Sample_Row_Name,Sample_Row_Index,Unique_HIT_Index,Unset,Stalls,ConsSD,DiffSD,repeatDiffs,Goldcount,goldDiffs
3087LXLJ7C7MU5B7EA250T32LGOF0T,ASAMJC3EOZ9XE,39ZSFO5CBZNK2D7DL9CBSIFWWDNUJQ,row_0,0,0,6,2,25.32919735935332,28.71264367816092,"[6.0, 11.0, 1.0, 10.0, 24.0, 0.0]",4,"[9.530000000000001, 20.17, 28.689999999999998, 3.430000000000007]"
3ZURAPD29YEM1UWPAT65EYMCQ8UF1W,A3DJ0UVMQRZ32R,3I0BTBYZBOCUHGQW92ZUDY6DTS3Y0W,row_0,0,0,6,2,19.692248421801207,38.4367816091954,"[2.0, 0.0, 9.0, 13.0, 5.0, 8.0]",4,"[3.530000000000001, 30.17, 3.6899999999999977, 7.569999999999993]"
