HIT_ID,Worker_ID,Assignment_ID,Sample_Row_Name,Sample_Row_Index,Unique_HIT_Index,Unset,Stalls,ConsSD,DiffSD,repeatDiffs,Goldcount,goldDiffs
31HLTCK4CBM8168ISRWC37T4GKOVG9,A3D2P33SYYDMD,33JKGHPFZ3LX8VTPR5DHUFFJRQHNMG,row_0,0,0,6,5,21.98087718397197,35.51136363636363,"[5.0, 0.0, 3.0, 8.0, 0.0, 9.0]",4,"[18.53, 37.17, 3.3100000000000023, 7.569999999999993]"
31HLTCK4CBM8168ISRWC37T4GKOVG9,A2UHPZ0D859HJN,37ZHEEHM7ND7JOTS5GRD2JKNRMS73A,row_0,0,0,30,0,11.310501210897922,29.571428571428573,"[0.0, 1.0, 7.0, 4.0, 0.0]",4,"[23.47, 30.83, 8.689999999999998, 39.43000000000001]"
31HLTCK4CBM8168ISRWC37T4GKOVG9,A3ME4M9A7220AE,3L4D84MIMQJFXR1TLA5C93Q61L4HJQ,row_0,0,0,30,2,4.738088591099004,27.746031746031747,"[7.0, 3.0, 7.0, 6.0, 1.0]",4,"[35.47, 35.83, 9.689999999999998, 36.43000000000001]"
31HLTCK4CBM8168ISRWC37T4GKOVG9,A1X0K1GC85ROW9,3L70J4KA07DNKITN5899PJ8PJ7PAD4,row_0,0,0,30,3,7.869622924802943,28.650793650793652,"[3.0, 6.0, 29.0, 11.0]",4,"[39.47, 33.83, 6.689999999999998, 0.4300000000000068]"
31HLTCK4CBM8168ISRWC37T4GKOVG9,A391SHXY5FIDY5,3NGMS9VZUC9FETOR7UQRRKM1S00FFF,row_0,0,0,30,5,28.91652262854553,15.80952380952381,"[25.0, 27.0, 40.0, 63.0, 29.0, 3.0]",4,"[31.47, 55.83, 42.69, 9.430000000000007]"
