HIT_ID,Worker_ID,Assignment_ID,Sample_Row_Name,Sample_Row_Index,Unique_HIT_Index,Unset,Stalls,ConsSD,DiffSD,repeatDiffs,Goldcount,goldDiffs
3LG268AV4YXIOLVADC1E27JPIV1ERH,A2GPQMBH0QNJ0J,3WSELTNVSUTU17PKRY9OUNQBLG3ATM,row_0,0,0,32,2,12.172024179874331,29.227272727272727,"[20.0, 20.0, 9.0, 11.0, 20.0, 3.0]",4,"[20.47, 1.1700000000000017, 32.69, 42.43000000000001]"
3M67TQBQR7F9U8IC3QZ6F3T4RUX9AU,A1JFGI5XJYYR3A,3F1567XTONW348NNIO1TTN44VQAQ9V,row_0,0,0,32,0,4.524319551190608,24.303030303030305,"[4.0, 1.0, 2.0, 5.0, 6.0, 5.0]",4,"[39.47, 20.83, 7.689999999999998, 32.43000000000001]"
3M67TQBQR7F9U8IC3QZ6F3T4RUX9AU,A293FPBBTTTK1K,3ZY8KE4ITAU11F0QLP6PL5T1MIRQV9,row_0,0,0,32,1,18.04687931682973,21.515151515151516,"[4.0, 18.0, 14.0, 12.0, 7.0]",4,"[37.47, 44.83, 10.310000000000002, 10.430000000000007]"
3DWGDA5PP5VBXRIFA8B9WKPYESA1VE,A1QO9CJ6KFDWQJ,35GMH2SV458HES1OBMPBWWAF7NSOEH,row_0,0,0,32,2,16.931287700997753,27.78787878787879,"[12.0, 21.0, 29.0, 18.0, 40.0, 0.0]",4,"[10.469999999999999, 12.829999999999998, 0.6899999999999977, 21.430000000000007]"
3DWGDA5PP5VBXRIFA8B9WKPYESA1VE,A2I61I62R2XCST,3P1L2B7AESGVKYBGS8CF9R0ZGJROL0,row_0,0,0,32,0,25.027354180981167,14.621212121212121,"[39.0, 35.0, 65.0, 59.0, 5.0, 23.0]",4,"[4.469999999999999, 21.17, 23.310000000000002, 2.430000000000007]"
