HIT_ID,Worker_ID,Assignment_ID,Sample_Row_Name,Sample_Row_Index,Unique_HIT_Index,Unset,Stalls,ConsSD,DiffSD,repeatDiffs,Goldcount,goldDiffs
3S4TINXCDQEHK5RABTIK748Z5ZEOB5,A2OTMALDJLAS7,3VNL7UK1Y6APXY6S2EVG8O12NTYFTL,row_0,0,0,6,4,16.48800911100077,25.977777777777778,"[13.0, 0.0, 14.0, 15.0, 3.0, 2.0]",4,"[0.46999999999999886, 37.17, 24.689999999999998, 7.569999999999993]"
3ZTE0JGGD4J0UAJGPTEFIOEHNKEOCC,ACI8PUCF5OPDC,308XBLVET9VM42HKTN4PPJ9ZKEORBP,row_0,0,0,30,3,24.88646884073646,30.630769230769232,"[6.0, 4.0, 4.0, 16.0, 13.0]",4,"[11.530000000000001, 4.170000000000002, 27.310000000000002, 7.569999999999993]"
3ZTE0JGGD4J0UAJGPTEFIOEHNKEOCC,A1LTQFASEA46TV,31Q0U3WYEG6B9LFDICDUEQ5QXMD71P,row_0,0,0,6,2,16.79587324388617,28.0,"[7.0, 16.0, 2.0, 1.0, 12.0, 2.0]",4,"[10.469999999999999, 37.17, 21.689999999999998, 7.569999999999993]"
3ZTE0JGGD4J0UAJGPTEFIOEHNKEOCC,A2OTMALDJLAS7,3HPZF4IVODKEB8LCLISE8Z8E5IOCYW,row_0,0,0,6,1,18.445143895706895,30.77777777777778,"[21.0, 29.0, 7.0, 12.0, 13.0, 1.0]",4,"[3.469999999999999, 37.17, 22.689999999999998, 7.569999999999993]"
3ZTE0JGGD4J0UAJGPTEFIOEHNKEOCC,A137V1J5GNNZTH,3OUYGIZWSYP082YVIF3B07D1SO90PI,row_0,0,0,6,2,32.410273100810734,38.233333333333334,"[27.0, 4.0, 30.0, 38.0, 26.0, 6.0]",4,"[18.53, 37.17, 27.310000000000002, 7.569999999999993]"
3SX4X51T9Q0C1VMI5FIOCTOTNHTOAA,AK1LS2LT9U0O0,3OWEPKL0903ENSM2NZBSBXIT0P37NM,row_0,0,0,6,2,19.426925441221147,30.08888888888889,"[2.0, 30.0, 6.0, 2.0, 9.0, 5.0]",4,"[18.53, 37.17, 27.310000000000002, 7.569999999999993]"
