HIT_ID,Worker_ID,Assignment_ID,Sample_Row_Name,Sample_Row_Index,Unique_HIT_Index,Unset,Stalls,ConsSD,DiffSD,repeatDiffs,Goldcount,goldDiffs
38G0E1M86CWR6O9DCWLT7MUVPJDUV0,A2BAQ26SMQQEUG,37Z929RLH0ZY13BE8YVFFNKH7UJSTP,row_0,0,0,32,1,4.600100809371682,30.37878787878788,"[5.0, 4.0, 1.0, 12.0, 1.0, 0.0]",4,"[39.47, 19.83, 9.689999999999998, 32.43000000000001]"
3MJ9GGZYPTXYUOXDIHKR5GLQLITA2X,A2BAQ26SMQQEUG,3QJOXOW4YAITEPGCY6AY4SLACQ9ME2,row_0,0,0,31,3,6.429805013764939,28.73134328358209,"[1.0, 2.0, 6.0, 9.0, 3.0, 3.0]",4,"[49.47, 32.83, 5.689999999999998, 18.430000000000007]"
3ZUE82NE10S4CUGA9EFKT89K4YYF8I,A2BAQ26SMQQEUG,3AQF3RZ56Z9JV0VG61NNXE9OYUG6F7,row_0,0,0,32,2,3.5809220537203736,23.96969696969697,"[2.0, 3.0, 1.0, 4.0, 1.0, 2.0]",4,"[41.47, 30.83, 11.689999999999998, 26.430000000000007]"
3ZUE82NE10S4CUGA9EFKT89K4YYF8I,A54KH61CDVIB6,3Z2R0DQ0K8537LCJOOREPJ7C6LP2EO,row_0,0,0,6,2,16.311909470242387,30.161290322580644,"[1.0, 0.0, 0.0, 46.0, 1.0, 29.0]",4,"[53.47, 12.829999999999998, 18.310000000000002, 1.5699999999999932]"
