HIT_ID,Worker_ID,Assignment_ID,Sample_Row_Name,Sample_Row_Index,Unique_HIT_Index,Unset,Stalls,ConsSD,DiffSD,repeatDiffs,Goldcount,goldDiffs
3OYHVNTV6JPID8V4H6VD67RPR3BOKW,A1Q7VWUBIJOK17,39LNWE0K5LNO72N73RRBGH0WHQVUIT,row_0,0,0,7,9,29.376779192235194,39.95294117647059,"[8.0, 4.0, 13.0, 44.0, 4.0, 1.0]",4,"[22.47, 59.83, 18.310000000000002, 79.43]"
3ATYLI1PSJTN2OPMZLV15SRCCEBOJX,A1Y0ABOUJUMCWW,3FQ5JJ513CF2I7TM6T01F2NF1BUKNV,row_0,0,0,7,8,27.226783068570107,40.05882352941177,"[1.0, 1.0, 1.0, 0.0, 0.0, 0.0, 1.0]",4,"[9.530000000000001, 7.170000000000002, 1.6899999999999977, 22.430000000000007]"
3NQUW096OWZQQR9G0HOWOH9FL4UL9I,A1Q7VWUBIJOK17,3IAS3U3I16750I0ZEXPOOB1R3962BO,row_0,0,0,10,11,29.128459153534564,49.048780487804876,"[6.0, 5.0, 4.0, 2.0, 0.0, 2.0]",4,"[22.47, 57.83, 5.310000000000002, 1.4300000000000068]"
