HIT_ID,Worker_ID,Assignment_ID,Sample_Row_Name,Sample_Row_Index,Unique_HIT_Index,Unset,Stalls,ConsSD,DiffSD,repeatDiffs,Goldcount,goldDiffs
3O4VWC1GFMXYGZW0GNB9HPT1HX1J33,ASFCKRTAQMR2J,3KXIR214JV7LFJFQZIF1GXVLV9T42A,row_0,0,0,6,4,34.736482168359636,37.98924731182796,"[2.0, 32.0, 10.0, 68.0, 50.0, 37.0]",4,"[7.530000000000001, 37.17, 27.310000000000002, 7.569999999999993]"
3O4VWC1GFMXYGZW0GNB9HPT1HX1J33,A1NN61ZAXV9FR0,3FTOP5WAS6F4MRVXN2YR3BRPG8Y0JC,row_0,0,0,22,6,30.298823377500025,38.93421052631579,"[4.0, 1.0, 23.0, 7.0, 70.0, 8.0, 8.0]",4,"[1.4699999999999989, 30.17, 19.689999999999998, 7.430000000000007]"
3O4VWC1GFMXYGZW0GNB9HPT1HX1J33,ASEIRRACBY1EY,3VHP9MDGSEB8BH4HGS0QJE1YWR0CF2,row_0,0,0,6,5,7.122939708366739,33.483870967741936,"[11.0, 9.0, 13.0, 0.0, 11.0, 5.0]",4,"[59.47, 48.83, 7.310000000000002, 21.430000000000007]"
3S1WOPCJG6K1QXCX57S50GXY8MREJP,A1NN61ZAXV9FR0,3SB4CE2TKMM1IOY4W8ALJQBH0SCXAB,row_0,0,0,25,30,27.051969737279144,30.466666666666665,"[37.0, 11.0, 8.0, 8.0, 3.0, 5.0, 6.0]",2,"[38.47, 19.689999999999998]"
3S1WOPCJG6K1QXCX57S50GXY8MREJP,ARQU35FJAKWZD,3QJOXOW4YAITEPGCY6AY4SLAEFHEMI,row_0,0,0,6,12,25.22354214369871,33.193548387096776,"[29.0, 36.0, 55.0, 38.0, 1.0, 35.0]",4,"[36.47, 9.829999999999998, 37.69, 0.5699999999999932]"
366FYU4PU6GW1HIFNSSH1VXBNBREKO,A2XB75IN5BADG5,3RSDURM971DT865QH9Y9YN8HNOXEY8,row_0,0,0,15,5,7.901575552467459,25.80722891566265,"[1.0, 14.0, 11.0, 15.0, 8.0, 1.0]",4,"[43.47, 26.83, 25.689999999999998, 37.43000000000001]"
3CMV9YRYQTSFW3MPMTF9DBNIHJSLJJ,A3NBO2DSGKRQHU,3NJM2BJS5NXK2UTBUVWVV8F2YXQCP8,row_0,0,0,6,53,16.67751987934458,28.473118279569892,"[2.0, 3.0, 6.0, 21.0, 4.0, 1.0]",4,"[10.530000000000001, 29.17, 46.69, 11.430000000000007]"
33KMQD9OG95NXNWLHQP2RG08V4N77P,A3MYXS600K169X,3II4UPYCPAYF7Y04U46VFJNUO3SDQO,row_0,0,0,6,31,6.861192501236346,38.903225806451616,"[2.0, 26.0, 0.0, 3.0, 2.0, 4.0]",4,"[31.47, 32.83, 15.310000000000002, 5.430000000000007]"
