HIT_ID,Worker_ID,Assignment_ID,Sample_Row_Name,Sample_Row_Index,Unique_HIT_Index,Unset,Stalls,ConsSD,DiffSD,repeatDiffs,Goldcount,goldDiffs
3ZXV7Q5FK1F6OX6NQQVPVU53U9IFCR,A2EFQ053GL6MLK,37QW5D2ZS7DF3JJQ50KKOROUXCPS8L,row_0,0,0,6,2,15.556909704568065,33.37931034482759,"[8.0, 29.0, 4.0, 17.0, 25.0, 13.0]",4,"[7.530000000000001, 25.17, 35.69, 1.5699999999999932]"
36MUZ9VAFWTONBC5VB6UXI2L38FDE7,AQPFTUIJ0PW2N,30IQTZXKBBX5HB0M46DSUKZ4TUW0XX,row_0,0,0,6,5,25.06863482793369,27.593023255813954,"[60.0, 73.0, 31.0, 37.0, 21.0, 51.0]",4,"[18.53, 31.17, 16.689999999999998, 7.569999999999993]"
36MUZ9VAFWTONBC5VB6UXI2L38FDE7,A1G1W9YIHATY4R,382M9COHF86CRXLL781KV224TDKEU0,row_0,0,0,6,5,31.276747042103622,33.4367816091954,"[5.0, 0.0, 42.0, 1.0, 48.0, 0.0]",4,"[18.53, 37.17, 3.3100000000000023, 7.569999999999993]"
36MUZ9VAFWTONBC5VB6UXI2L38FDE7,A8FDO3RM1NQLE,3RXCAC0YJIGCDEAZA0Q3ZD5R915G8Z,row_0,0,0,6,9,16.583685616192987,32.37931034482759,"[6.0, 5.0, 1.0, 11.0, 10.0, 11.0]",4,"[15.530000000000001, 37.17, 10.689999999999998, 7.569999999999993]"
36MUZ9VAFWTONBC5VB6UXI2L38FDE7,A2MJMYMAZTL46O,3TDXMTX3D2L35RX679T80BMGIJ66IU,row_0,0,0,21,5,33.4102379399864,37.0,"[3.0, 17.0, 0.0, 8.0, 2.0, 37.0, 0.0]",4,"[18.53, 37.17, 27.310000000000002, 7.569999999999993]"
3HFWPF5ALZARF2FQ3HKN9QKODMYS3O,A2MAGMY4JMDD3V,35LDD55581VW0P8MUSL12NYF0NBKMU,row_0,0,0,6,2,23.001496329573698,26.74712643678161,"[0.0, 1.0, 1.0, 1.0, 18.0, 1.0]",4,"[10.530000000000001, 28.17, 23.689999999999998, 5.430000000000007]"
3HFWPF5ALZARF2FQ3HKN9QKODMYS3O,A2MJMYMAZTL46O,3VJ40NV2R9EJ3BJL1HE6VIAGE0GOTI,row_0,0,0,19,2,28.945857016051452,33.21917808219178,"[7.0, 16.0, 1.0, 6.0, 23.0, 0.0]",4,"[18.53, 37.17, 27.310000000000002, 7.569999999999993]"
3HFWPF5ALZARF2FQ3HKN9QKODMYS3O,A2IN5WQVM31V4D,3XUHV3NRWBP7QSM8W81I8T71MBHH5X,row_0,0,0,9,6,13.560507241823137,22.783132530120483,"[45.0, 5.0, 9.0, 7.0, 5.0, 7.0, 17.0]",4,"[42.47, 27.83, 0.3100000000000023, 26.430000000000007]"
