HIT_ID,Worker_ID,Assignment_ID,Sample_Row_Name,Sample_Row_Index,Unique_HIT_Index,Unset,Stalls,ConsSD,DiffSD,repeatDiffs,Goldcount,goldDiffs
3P888QFVYTL4OBTZUBFA2T3YRW3OQZ,A2ATPVV665TR66,3QFUFYSYAP65GDR2NDU80GPA74V4FC,row_0,0,0,23,7,22.73104306909815,28.876712328767123,"[20.0, 1.0, 7.0, 42.0, 8.0, 2.0]",4,"[19.47, 33.17, 15.689999999999998, 3.569999999999993]"
3P888QFVYTL4OBTZUBFA2T3YRW3OQZ,A2SKY317RZ3NCS,3RYC5T2D8UKO8WIUCSMQK3EO1NGPRV,row_0,0,0,6,3,24.022530985059603,35.494505494505496,"[45.0, 1.0, 23.0, 0.0, 10.0, 2.0]",4,"[18.53, 37.17, 12.689999999999998, 7.569999999999993]"
3P888QFVYTL4OBTZUBFA2T3YRW3OQZ,A1HCG3H9LC6ZPQ,3TXD01ZLEV8UZVOSI2P7MGQDHRXU4O,row_0,0,0,6,0,18.212322337951086,29.10989010989011,"[18.0, 21.0, 25.0, 39.0, 1.0, 12.0]",4,"[18.53, 37.17, 27.310000000000002, 7.569999999999993]"
32CAVSKPD4GBKCTF5I140YNF1601UV,AF1E830LMKEV8,3PH3VY7DKCONUW1MYVUYY0OJ32BWZ1,row_0,0,0,6,1,16.916774907652297,27.802197802197803,"[12.0, 18.0, 49.0, 8.0, 1.0, 12.0]",4,"[3.469999999999999, 25.17, 0.6899999999999977, 6.569999999999993]"
3E6L1VR4YMDH8GXMGZIM9UDTZU16FZ,A2FNTIPS5UNJT5,352YTHGRPM4PU9I8I3I8311NNJ84HA,row_0,0,0,9,5,24.094229733705184,31.655172413793103,"[1.0, 31.0, 9.0, 14.0, 43.0, 2.0, 2.0]",4,"[5.469999999999999, 20.17, 27.310000000000002, 7.569999999999993]"
338431Z1GB640C8Z7Q4A7JD3NI5OR0,AK1LS2LT9U0O0,39GAF6DQXIRDKBG90AGAK4LTJDO1VX,row_0,0,0,6,2,20.66152081084845,27.395604395604394,"[12.0, 4.0, 8.0, 10.0, 4.0, 5.0]",4,"[41.47, 37.17, 27.310000000000002, 7.569999999999993]"
338431Z1GB640C8Z7Q4A7JD3NI5OR0,A1689LPUF6HS1A,3KV0LJBBITCINTLHKCUY3ZKTWI5RM1,row_0,0,0,6,1,21.14715178790019,30.956043956043956,"[2.0, 14.0, 8.0, 0.0, 0.0, 8.0]",4,"[18.53, 37.17, 27.310000000000002, 7.569999999999993]"
338431Z1GB640C8Z7Q4A7JD3NI5OR0,A1HCG3H9LC6ZPQ,3OVR4I9UTGA272HB1T52CFTOE6WQ4K,row_0,0,0,6,0,21.039666162465405,29.89010989010989,"[4.0, 23.0, 7.0, 3.0, 31.0, 7.0]",4,"[18.53, 37.17, 27.310000000000002, 7.569999999999993]"
338431Z1GB640C8Z7Q4A7JD3NI5OR0,A2SKY317RZ3NCS,3YJ6NA41K277A8ZH4NDHICSXR6MPJ3,row_0,0,0,6,0,23.36967629894763,36.07692307692308,"[13.0, 20.0, 1.0, 28.0, 5.0, 0.0]",4,"[18.53, 37.17, 16.689999999999998, 7.569999999999993]"
