HIT_ID,Worker_ID,Assignment_ID,Sample_Row_Name,Sample_Row_Index,Unique_HIT_Index,Unset,Stalls,ConsSD,DiffSD,repeatDiffs,Goldcount,goldDiffs
3O0M2G5VDWTUSJ2VUPPF2074ZNX49G,A25JTS3S9OD0KP,37W3JXSD7XZNP6RH29SFKTFHTCYWY5,row_0,0,0,14,2,25.207731989731162,18.40909090909091,"[15.0, 51.0, 33.0, 37.0, 55.0, 46.0, 3.0]",4,"[68.47, 12.170000000000002, 55.69, 22.430000000000007]"
3O0M2G5VDWTUSJ2VUPPF2074ZNX49G,A30TJER6AVBL34,3WOKGM4L8S7IN2MU3FQWB78BEYD0OR,row_0,0,0,14,0,4.194644361839756,38.77272727272727,"[10.0, 1.0, 2.0, 15.0, 1.0]",4,"[59.47, 48.83, 7.310000000000002, 14.430000000000007]"
