HIT_ID,Worker_ID,Assignment_ID,Sample_Row_Name,Sample_Row_Index,Unique_HIT_Index,Unset,Stalls,ConsSD,DiffSD,repeatDiffs,Goldcount,goldDiffs
306W7JMRZOPEZD4U4CTOAIIZPK58BW,AZBJ3AH4LMJW9,31T4R4OBPJ7VWOPBY92EVMOHZN47CL,row_0,0,0,6,3,19.42882338007164,30.63953488372093,"[4.0, 4.0, 13.0, 5.0, 6.0, 25.0]",4,"[18.53, 37.17, 27.310000000000002, 7.569999999999993]"
306W7JMRZOPEZD4U4CTOAIIZPK58BW,A3BHOWZ8A7Z2ZU,3634BBTX1FLZOKQH82WCUHZTBI3FI0,row_0,0,0,29,1,8.026102058657324,39.61290322580645,"[0.0, 8.0, 8.0]",4,"[60.47, 38.83, 6.310000000000002, 16.430000000000007]"
306W7JMRZOPEZD4U4CTOAIIZPK58BW,A8FDO3RM1NQLE,3LWJHTCVD3DC5IE0LA1L3JQF2T0FQL,row_0,0,0,6,3,15.705648276246889,31.511627906976745,"[3.0, 1.0, 39.0, 8.0, 27.0, 5.0]",4,"[15.530000000000001, 37.17, 10.689999999999998, 7.569999999999993]"
3RWSQDNYMZDDR9QXHSLQ30Q6RMAFF2,A3DS9DP2JE8I4Z,30IQTZXKBBX5HB0M46DSUKZ4TTJX0F,row_0,0,0,6,1,11.5212550770551,30.58139534883721,"[0.0, 7.0, 22.0, 0.0, 1.0, 10.0]",4,"[3.469999999999999, 25.17, 22.689999999999998, 47.43000000000001]"
3RWSQDNYMZDDR9QXHSLQ30Q6RMAFF2,A8FDO3RM1NQLE,3EF8EXOTUSM4TGGFJL2RHGAZNNHJ1N,row_0,0,0,6,3,13.918818362098108,31.325581395348838,"[10.0, 11.0, 3.0, 0.0, 2.0, 9.0]",4,"[17.53, 37.17, 6.689999999999998, 7.569999999999993]"
3RWSQDNYMZDDR9QXHSLQ30Q6RMAFF2,A2IN5WQVM31V4D,3OE22WJIH9F1O0BQGZWKPJRICGGUQ0,row_0,0,0,11,5,10.831313112914795,29.7625,"[19.0, 26.0, 15.0, 30.0, 7.0]",4,"[59.47, 33.83, 8.689999999999998, 33.43000000000001]"
3K1H3NEY8BQM7P8W16WIXLNXGOUDGO,A2IN5WQVM31V4D,3I02618YBRXGOOABGMHVPE187KUUP9,row_0,0,0,13,6,10.244873319022249,27.602564102564102,"[13.0, 4.0, 22.0, 3.0, 12.0, 9.0, 13.0]",4,"[46.47, 25.83, 10.689999999999998, 28.430000000000007]"
