HIT_ID,Worker_ID,Assignment_ID,Sample_Row_Name,Sample_Row_Index,Unique_HIT_Index,Unset,Stalls,ConsSD,DiffSD,repeatDiffs,Goldcount,goldDiffs
344M16OZL86X9N3IK5KXTNEFH15ENS,A36AOQW2E9M1O9,3LRKMWOKCW81IG3FKB5RAT8UVZM2ZZ,row_0,0,0,6,28,4.199692218487755,34.41935483870968,"[3.0, 2.0, 5.0, 0.0, 6.0, 3.0]",4,"[64.47, 44.83, 11.310000000000002, 13.430000000000007]"
344M16OZL86X9N3IK5KXTNEFH15ENS,A2VWNL8CW78HVC,340UGXU9EPSTT8772YQUV6QQQHLVU0,row_0,0,0,6,22,2.495504108623502,38.01075268817204,"[5.0, 1.0, 1.0, 1.0, 3.0, 12.0]",4,"[68.47, 47.83, 12.310000000000002, 5.430000000000007]"
344M16OZL86X9N3IK5KXTNEFH15ENS,A19JFVFPZLO013,3XLBSAQ90V384H0LQNMM6KP26JU7ZE,row_0,0,0,6,64,21.926152347850064,15.064516129032258,"[58.0, 27.0, 3.0, 40.0, 61.0, 35.0]",4,"[4.469999999999999, 8.829999999999998, 66.69, 69.43]"
3RDTX9JRUOSRB6KEWNNM5CREQPK790,A3B2DRW8EM6YJP,3KJYX6QCN02KFSWDQZMGO4HF9ZIJVJ,row_0,0,0,6,14,4.854255825760337,41.41304347826087,"[3.0, 7.0, 4.0, 4.0, 11.0, 10.0]",4,"[66.47, 48.83, 14.310000000000002, 12.430000000000007]"
3RDTX9JRUOSRB6KEWNNM5CREQPK790,A19JFVFPZLO013,3Z7ISHFUIRMC4V540SESKKLXH3T8ZV,row_0,0,0,6,61,24.344024278959658,8.172043010752688,"[5.0, 27.0, 4.0, 32.0, 46.0, 23.0]",4,"[44.47, 9.170000000000002, 33.69, 11.430000000000007]"
3TKXBROM6J1D62EJ1QIWLVVQ0A7JI2,A1H8ESOKEFTFMQ,3UXUOQ9OL5O739SDEV6NPRYTXUKA75,row_0,0,0,6,0,23.665584533598892,29.698924731182796,"[1.0, 5.0, 8.0, 2.0, 5.0, 1.0]",4,"[18.53, 37.17, 13.310000000000002, 7.569999999999993]"
3TKXBROM6J1D62EJ1QIWLVVQ0A7JI2,A8LBBPY53A3O3,3OVR4I9UTGA272HB1T52CFTOADU4Q6,row_0,0,0,8,36,18.951682887416236,32.7032967032967,"[6.0, 21.0, 10.0, 2.0, 14.0, 1.0]",3,"[52.47, 35.83, 4.310000000000002]"
3FULMHZ7PKO9Z3LPJYTK7MDOZM1M4U,ABPVF7XEC88WF,34Q075JO2O4XRAFTXDSLZBV3LMN01M,row_0,0,0,27,8,7.582417527118614,51.013888888888886,"[0.0, 0.0, 0.0, 0.0, 0.0]",3,"[78.47, 40.83, 27.310000000000002]"
3TY2U1TECX191DYPJ83WXWAQDPWJJE,AW338AT1TPG6H,354P56DEABUB35E7VVSEARSZJ05S7X,row_0,0,0,6,4,13.972670416103668,26.27956989247312,"[1.0, 0.0, 23.0, 1.0, 2.0, 42.0]",4,"[10.469999999999999, 11.829999999999998, 22.689999999999998, 21.430000000000007]"
