HIT_ID,Worker_ID,Assignment_ID,Sample_Row_Name,Sample_Row_Index,Unique_HIT_Index,Unset,Stalls,ConsSD,DiffSD,repeatDiffs,Goldcount,goldDiffs
3HEADTGN3FJZQWHW82QO2B7BI48RVW,AZBJ3AH4LMJW9,3I2PTA7R4KLNL46EMLSIJWIKAP2KQD,row_0,0,0,6,0,20.635679912332293,30.02173913043478,"[37.0, 10.0, 16.0, 1.0, 8.0, 9.0]",4,"[18.53, 37.17, 27.310000000000002, 7.569999999999993]"
3HEADTGN3FJZQWHW82QO2B7BI48RVW,A2IN5WQVM31V4D,3Y5140Z9EO7BFXFBM5SH6BDXDP4IPM,row_0,0,0,10,2,11.809772897749541,29.632183908045977,"[29.0, 8.0, 3.0, 7.0, 4.0, 4.0, 1.0]",4,"[46.47, 35.83, 3.3100000000000023, 28.430000000000007]"
32TMVRKDHDPUEEJLPXJ124CTFSO84Q,A2IN5WQVM31V4D,33CID5711VK6Y9IU9ASNLO2OPX63L9,row_0,0,0,8,1,10.793045776877582,27.50561797752809,"[11.0, 17.0, 32.0, 19.0, 7.0, 2.0, 2.0]",4,"[45.47, 26.83, 14.310000000000002, 26.430000000000007]"
3WGZLY9VD7D7EA2EI8KU586ZS5HD88,A2IN5WQVM31V4D,3483FV8BF5AZU6J4I68GDVFZTOH62T,row_0,0,0,11,2,11.784715926800787,28.569767441860463,"[17.0, 12.0, 21.0, 3.0, 3.0, 35.0, 21.0]",4,"[45.47, 27.83, 1.6899999999999977, 25.430000000000007]"
3WGZLY9VD7D7EA2EI8KU586ZS5HD88,A1W06GIYOJMSAK,3X65QVEQJREUB9ED233OER6IV9ACL5,row_0,0,0,9,6,21.53312542810447,36.95454545454545,"[5.0, 2.0, 1.0, 1.0, 5.0, 2.0, 0.0]",4,"[14.469999999999999, 14.170000000000002, 3.3100000000000023, 16.430000000000007]"
