HIT_ID,Worker_ID,Assignment_ID,Sample_Row_Name,Sample_Row_Index,Unique_HIT_Index,Unset,Stalls,ConsSD,DiffSD,repeatDiffs,Goldcount,goldDiffs
3SV8KD29MUJUCC9BJF6UM5YTBJOKZS,AP9WRGCJVLLTG,3DHE4R9ODN21RZ8AUJH2PMSOLUK2G9,row_0,0,0,6,3,16.615905826835952,29.431818181818183,"[52.0, 23.0, 1.0, 2.0, 39.0, 20.0]",4,"[55.47, 58.83, 43.69, 62.43000000000001]"
3SV8KD29MUJUCC9BJF6UM5YTBJOKZS,AM8EV600ZP69X,3NVC2EB66HQQY8PTSPHDFW4KW4BY3F,row_0,0,0,30,1,19.11311490839831,27.904761904761905,"[5.0, 10.0, 12.0]",4,"[54.47, 5.170000000000002, 5.310000000000002, 26.430000000000007]"
3SV8KD29MUJUCC9BJF6UM5YTBJOKZS,A12KQGDA5YYCW7,3ZV9H2YQR4YM93UTDOZPUZJ4LW63WG,row_0,0,0,6,0,15.772923760892974,25.727272727272727,"[2.0, 18.0, 4.0, 8.0, 3.0, 1.0]",4,"[2.469999999999999, 1.8299999999999983, 22.689999999999998, 3.430000000000007]"
