HIT_ID,Worker_ID,Assignment_ID,Sample_Row_Name,Sample_Row_Index,Unique_HIT_Index,Unset,Stalls,ConsSD,DiffSD,repeatDiffs,Goldcount,goldDiffs
3ICOHX7EO22UORBBJZIZIBI296IE01,A10MZ295BEPUAG,3AWETUDCATJ5T1HH9EQJX9FBJLIZIL,row_0,0,0,32,2,15.308813256213215,36.738461538461536,"[22.0, 4.0, 28.0, 19.0, 6.0, 39.0]",4,"[59.47, 40.83, 22.689999999999998, 3.569999999999993]"
3AA88CN99FUU7MZ6NT4B8YPR5GSYK5,A29NZ7VWC1JGU9,32M8BPYGBKD52KMCJM2UC2Z58VKIGB,row_0,0,0,31,0,2.813983513448108,32.72727272727273,"[2.0, 0.0, 1.0]",4,"[61.47, 49.83, 8.310000000000002, 9.430000000000007]"
3AA88CN99FUU7MZ6NT4B8YPR5GSYK5,A4M2H0ONHCMC,382M9COHF86CRXLL781KV224PAWUEI,row_0,0,0,31,0,18.007682525403453,23.651515151515152,"[34.0, 24.0, 36.0, 21.0, 50.0, 78.0]",4,"[45.47, 13.829999999999998, 11.310000000000002, 36.43000000000001]"
3AA88CN99FUU7MZ6NT4B8YPR5GSYK5,A3N9HNU9SOX3CC,3MD9PLUKL95X72S86U3B2HBS5K8NZL,row_0,0,0,31,0,6.426475455244461,39.81818181818182,"[8.0, 4.0, 12.0, 9.0]",4,"[63.47, 49.83, 5.310000000000002, 5.430000000000007]"
3AA88CN99FUU7MZ6NT4B8YPR5GSYK5,A3FAGQU5JVU4HX,3RANCT1ZW68EKU91XHZUUUWJMDJUBI,row_0,0,0,31,0,16.485356776923044,37.196969696969695,"[3.0, 1.0, 28.0, 80.0]",4,"[31.47, 59.83, 5.310000000000002, 22.430000000000007]"
3AA88CN99FUU7MZ6NT4B8YPR5GSYK5,AZTAPCOD2Y512,3RXPCZQMRG2U2EQEBFHOK3IJRT9G1H,row_0,0,0,31,0,9.127564987875855,32.515151515151516,"[1.0, 4.0, 14.0, 9.0, 1.0, 1.0]",4,"[52.47, 34.83, 2.3100000000000023, 20.430000000000007]"
3AA88CN99FUU7MZ6NT4B8YPR5GSYK5,A1UVGRTH55TZLH,3T111IHZ65H3G92NV3QTYDE9REF9RM,row_0,0,0,31,0,2.4256151416552045,52.06060606060606,"[1.0, 6.0, 4.0, 1.0, 3.0, 1.0, 0.0]",4,"[78.47, 57.83, 22.310000000000002, 4.569999999999993]"
3SBNLSTU7KWMY631RYK7IS33R10DZZ,A13J2AT95G7OTF,339ANSOTSWTA46IV9DN9AURYFC1IKE,row_0,0,0,32,3,2.0147385928782757,38.276923076923076,"[2.0, 0.0, 1.0, 7.0, 3.0, 4.0]",4,"[68.47, 49.83, 15.310000000000002, 5.430000000000007]"
3SBNLSTU7KWMY631RYK7IS33R10DZZ,A1PLBQ3LANDLOE,3HWRJOOEUWTWCKTHI36KG1KG4D7SEW,row_0,0,0,33,1,19.19410894934628,35.828125,"[16.0, 10.0, 12.0]",4,"[31.47, 52.83, 58.69, 42.43000000000001]"
