HIT_ID,Worker_ID,Assignment_ID,Sample_Row_Name,Sample_Row_Index,Unique_HIT_Index,Unset,Stalls,ConsSD,DiffSD,repeatDiffs,Goldcount,goldDiffs
3BJKPTD2R23KD4D737Q91TJQMT0TRB,A3QB50HW9PDXB9,3Y4W8Q93MQB7C6WLG305L6M284XVDB,row_0,0,0,31,0,24.14705441014267,12.061538461538461,"[32.0, 12.0, 28.0, 6.0, 10.0, 1.0]",4,"[43.47, 26.83, 12.689999999999998, 42.43000000000001]"
3S829FDFUSSXTB3MQGWML7NSKOYDX9,AABZGLZ5QWCG0,31LM9EDVPCJ77NN4O80PENN2RLSJNW,row_0,0,0,31,0,23.587801480812598,12.892307692307693,"[35.0, 25.0, 14.0, 72.0, 59.0, 38.0]",4,"[9.469999999999999, 59.83, 33.69, 13.430000000000007]"
3S829FDFUSSXTB3MQGWML7NSKOYDX9,A1W06GIYOJMSAK,3X31TUMD8ODAO64FM6E4XVNRS9S1L8,row_0,0,0,6,6,15.17966308042962,26.065934065934066,"[9.0, 8.0, 8.0, 12.0, 3.0, 8.0]",4,"[21.47, 16.83, 7.689999999999998, 9.430000000000007]"
3B623HUYKUHDGZLWFYFJ07SZUIZ8SQ,A382IYPJDT9UV6,3EJPLAJKFD7P0HMG7DHU06P6FTG6ZU,row_0,0,0,31,0,23.76414682996663,15.723076923076922,"[11.0, 42.0, 34.0, 1.0, 3.0]",4,"[30.47, 49.83, 0.6899999999999977, 15.430000000000007]"
3B623HUYKUHDGZLWFYFJ07SZUIZ8SQ,A1Q17AURTUSKIT,3MB8LZR5C6KCU7Q1UGKM2AJQ1FSLKV,row_0,0,0,31,0,23.203825434460143,13.938461538461539,"[1.0, 47.0, 24.0, 62.0, 5.0]",4,"[1.5300000000000011, 14.829999999999998, 19.689999999999998, 46.43000000000001]"
3B623HUYKUHDGZLWFYFJ07SZUIZ8SQ,ABVPW8753ZBJO,3R2PKQ87ONZ5UUIYUP0PP7J29GWIMM,row_0,0,0,6,3,14.640629276119688,36.78021978021978,"[5.0, 0.0, 5.0, 19.0, 1.0, 7.0]",4,"[10.530000000000001, 28.17, 16.689999999999998, 40.43000000000001]"
