HIT_ID,Worker_ID,Assignment_ID,Sample_Row_Name,Sample_Row_Index,Unique_HIT_Index,Unset,Stalls,ConsSD,DiffSD,repeatDiffs,Goldcount,goldDiffs
3B286OTIT48Y0KVLP2QJ4X77N9HJAR,A1JDPMVFB8HNMH,34S9DKFK8UGX2CI3A81SOA2Q1LMYNF,row_0,0,0,7,1,16.84026933281692,32.98809523809524,"[10.0, 9.0, 22.0, 33.0, 21.0, 29.0, 2.0]",4,"[4.530000000000001, 28.17, 5.689999999999998, 7.569999999999993]"
3B286OTIT48Y0KVLP2QJ4X77N9HJAR,A2H1UFKV8FSTV2,3JRJSWSMR8CSS382SO5J8TC4ESDE3N,row_0,0,0,6,2,14.940277879416662,29.08235294117647,"[2.0, 8.0, 6.0, 0.0, 8.0, 7.0]",4,"[1.4699999999999989, 30.17, 9.689999999999998, 7.569999999999993]"
