HIT_ID,Worker_ID,Assignment_ID,Sample_Row_Name,Sample_Row_Index,Unique_HIT_Index,Unset,Stalls,ConsSD,DiffSD,repeatDiffs,Goldcount,goldDiffs
3DW3BNF1H79T8R209TKOBUC6S8NV8J,A3DJ0UVMQRZ32R,3C6FJU71UHKAX22C79DE25UK9GMYUC,row_0,0,0,6,1,15.222632334818531,30.21978021978022,"[4.0, 9.0, 3.0, 41.0, 8.0, 2.0]",4,"[4.530000000000001, 22.17, 10.689999999999998, 7.569999999999993]"
3DW3BNF1H79T8R209TKOBUC6S8NV8J,AH0NG7PISCRNQ,3X4JMASXDD0Y48XLZALA5N8C8KB0BB,row_0,0,0,31,38,13.925329184597693,24.4,"[11.0, 7.0, 5.0, 0.0, 13.0]",4,"[1.4699999999999989, 24.17, 6.310000000000002, 44.43000000000001]"
32TMVRKDHDPUEEJLPXJ124CTFOR84L,ABKYJJD0ZK291,32SCWG5HJ8VVMDKAK4JS98NS2Q4P6C,row_0,0,0,9,0,24.19586370270186,29.333333333333332,"[1.0, 11.0, 33.0, 42.0, 34.0, 55.0]",4,"[18.53, 33.17, 17.689999999999998, 7.569999999999993]"
32TMVRKDHDPUEEJLPXJ124CTFOR84L,A34CR7V78JGBIO,3TE22NPXQ23VIXUD3WYP9CSJF3144E,row_0,0,0,32,17,12.01779889307418,33.359375,"[12.0, 14.0, 10.0, 3.0, 2.0, 1.0]",4,"[55.47, 8.829999999999998, 14.310000000000002, 0.5699999999999932]"
3Z33IC0JDQDTMWLAELQ2BQ7HCE5V98,A3DJ0UVMQRZ32R,34MAJL3QQVEA01B93IT6Z70D12P34A,row_0,0,0,6,0,17.0784103114263,28.833333333333332,"[14.0, 6.0, 8.0, 22.0, 1.0, 8.0]",4,"[6.530000000000001, 29.17, 3.6899999999999977, 7.569999999999993]"
3Z33IC0JDQDTMWLAELQ2BQ7HCE5V98,A1TRCGTBFJO7UQ,3KKG4CDWL9PWF30PKRUGQK3Z1V149W,row_0,0,0,6,0,21.962137116662195,29.439560439560438,"[4.0, 29.0, 5.0, 23.0, 3.0, 13.0]",4,"[18.53, 37.17, 11.310000000000002, 7.569999999999993]"
3Z33IC0JDQDTMWLAELQ2BQ7HCE5V98,AT5SRP5JN4KXN,3WAKVUDHVN7RII6BK0NEPSAN5JM7UX,row_0,0,0,7,8,15.76626715178731,24.48314606741573,"[21.0, 21.0, 21.0, 20.0, 2.0, 0.0, 42.0]",4,"[10.530000000000001, 29.17, 1.6899999999999977, 21.430000000000007]"
