HIT_ID,Worker_ID,Assignment_ID,Sample_Row_Name,Sample_Row_Index,Unique_HIT_Index,Unset,Stalls,ConsSD,DiffSD,repeatDiffs,Goldcount,goldDiffs
3BA7SXOG29H1FKLJ09FEAXN38GG8R2,A2I61I62R2XCST,320DUZ38HYD1XV6I14NUO3E5Q9JJG1,row_0,0,0,32,0,18.930892694874483,28.553846153846155,"[4.0, 17.0, 1.0, 31.0, 1.0]",4,"[7.469999999999999, 56.83, 23.689999999999998, 15.430000000000007]"
3BA7SXOG29H1FKLJ09FEAXN38GG8R2,AK1LS2LT9U0O0,3P4RDNWNEWXFTMCDRSNX9FRL5L8IJN,row_0,0,0,6,4,17.88603387952479,27.119565217391305,"[7.0, 1.0, 9.0, 1.0, 9.0, 3.0]",4,"[17.47, 37.17, 27.310000000000002, 7.569999999999993]"
3BA7SXOG29H1FKLJ09FEAXN38GG8R2,A1TRCGTBFJO7UQ,3Z7ISHFUIRMC4V540SESKKLXLLU8Z0,row_0,0,0,6,5,17.671211229444978,26.417582417582416,"[5.0, 12.0, 12.0, 11.0, 5.0, 8.0]",4,"[18.53, 37.17, 27.310000000000002, 7.569999999999993]"
