HIT_ID,Worker_ID,Assignment_ID,Sample_Row_Name,Sample_Row_Index,Unique_HIT_Index,Unset,Stalls,ConsSD,DiffSD,repeatDiffs,Goldcount,goldDiffs
3W0KKJIASH0FSG8OAP6H9L1PCW4K8I,A29ZTHY1OB4IC8,3TR2532VJGLZ02HCPRE8CC1GRJZ6JC,row_0,0,0,6,2,19.239589813864857,33.37362637362637,"[2.0, 3.0, 2.0, 12.0, 5.0, 25.0]",4,"[11.530000000000001, 9.170000000000002, 20.310000000000002, 1.5699999999999932]"
3DWGDA5PP5VBXRIFA8B9WKPYEO51V1,A28A3HF3LSEIDT,3OS4RQUCS06P1CCB2S4V8UVGC1PFBB,row_0,0,0,31,1,16.33477392871147,18.939393939393938,"[9.0, 14.0, 21.0, 16.0, 27.0, 10.0]",4,"[58.47, 7.829999999999998, 2.3100000000000023, 36.43000000000001]"
