HIT_ID,Worker_ID,Assignment_ID,Sample_Row_Name,Sample_Row_Index,Unique_HIT_Index,Unset,Stalls,ConsSD,DiffSD,repeatDiffs,Goldcount,goldDiffs
34R3P23QIISZGR3Y27JQA9OJ2VZWHJ,AZ1DD8SXABVY1,3137ONMDL7WTMFKQN3C3RN1DHJOGEA,row_0,0,0,14,0,29.021792894477027,32.40909090909091,"[7.0, 15.0, 6.0, 4.0, 28.0, 27.0]",4,"[16.53, 2.1700000000000017, 3.6899999999999977, 5.430000000000007]"
34R3P23QIISZGR3Y27JQA9OJ2VZWHJ,A1G1W9YIHATY4R,3AMYWKA6Z2DD1D89546DK8I2R7G6OR,row_0,0,0,6,1,24.780451158632893,32.74193548387097,"[12.0, 0.0, 8.0, 8.0, 25.0, 0.0]",4,"[18.53, 37.17, 28.689999999999998, 7.569999999999993]"
34R3P23QIISZGR3Y27JQA9OJ2VZWHJ,A2SKY317RZ3NCS,3WMINLGAM2UDFQN95CEY5DQ7YCIACJ,row_0,0,0,6,0,29.90947145688778,38.70967741935484,"[11.0, 41.0, 2.0, 3.0, 37.0, 4.0]",4,"[18.53, 37.17, 45.69, 7.569999999999993]"
34R3P23QIISZGR3Y27JQA9OJ2VZWHJ,AL76RQMDB7YKY,3YW4XOSQLHCD7WR9VK65OIJA1IX1UA,row_0,0,0,14,0,33.34827488816369,45.31818181818182,"[26.0, 14.0, 25.0]",4,"[2.530000000000001, 15.170000000000002, 8.310000000000002, 2.569999999999993]"
