HIT_ID,Worker_ID,Assignment_ID,Sample_Row_Name,Sample_Row_Index,Unique_HIT_Index,Unset,Stalls,ConsSD,DiffSD,repeatDiffs,Goldcount,goldDiffs
3TL87MO8DCGZR10T33OOYDVQO2PLFA,A1Y0ABOUJUMCWW,3F1567XTONW348NNIO1TTN44VJHQ9O,row_0,0,0,15,3,21.498615680793872,25.857142857142858,"[0.0, 0.0, 0.0, 0.0, 1.0, 1.0, 1.0]",4,"[10.530000000000001, 28.17, 0.3100000000000023, 0.4300000000000068]"
3TL87MO8DCGZR10T33OOYDVQO2PLFA,AZNIEFUIVB2H0,3TMSXRD2YXRQZ0GEQKL66647L7KW1X,row_0,0,0,6,0,16.00351158135124,29.161290322580644,"[8.0, 2.0, 3.0, 12.0, 8.0, 0.0]",4,"[3.530000000000001, 8.170000000000002, 8.689999999999998, 1.5699999999999932]"
