HIT_ID,Worker_ID,Assignment_ID,Sample_Row_Name,Sample_Row_Index,Unique_HIT_Index,Unset,Stalls,ConsSD,DiffSD,repeatDiffs,Goldcount,goldDiffs
3S8APUMBKNANESEHCQZUKAZLCOIFBK,A3RT5MY10H6D1H,345LHZDEEOJ9HZ5OIOKOCBY72OYU3T,row_0,0,0,30,68,13.78356795471079,27.723076923076924,"[12.0, 2.0, 2.0, 4.0]",4,"[50.47, 33.83, 64.69, 19.430000000000007]"
3S8APUMBKNANESEHCQZUKAZLCOIFBK,A6G80VHTBZKXM,3BXQMRHWLQPA3LDYO6P38A7D2F5MUR,row_0,0,0,6,0,20.70171758842998,28.377777777777776,"[12.0, 0.0, 0.0, 7.0, 21.0, 1.0]",4,"[10.469999999999999, 37.17, 22.689999999999998, 7.569999999999993]"
3S8APUMBKNANESEHCQZUKAZLCOIFBK,AKH8KUW6I3COL,3TVSS0C0FSRR8KSNS35GCCN2H3OTWA,row_0,0,0,11,4,23.679630802991554,27.30952380952381,"[46.0, 35.0, 42.0, 15.0, 46.0, 38.0]",4,"[18.53, 33.17, 10.310000000000002, 7.569999999999993]"
3PUV2Q8SWUVQG80LLK44WAW00B2DB7,AQPFTUIJ0PW2N,36U2A8VAHSQWU6X0DV9CWILM9YVYK6,row_0,0,0,6,4,24.292238771618106,29.876404494382022,"[27.0, 13.0, 5.0, 34.0, 48.0, 69.0]",4,"[18.53, 34.17, 17.689999999999998, 7.569999999999993]"
