HIT_ID,Worker_ID,Assignment_ID,Sample_Row_Name,Sample_Row_Index,Unique_HIT_Index,Unset,Stalls,ConsSD,DiffSD,repeatDiffs,Goldcount,goldDiffs
3LG268AV4YXIOLVADC1E27JPI59ER9,AH4ERHALTP5ME,3DEL4X4EMXC2E6W7CEO1MCTO30EXYI,row_0,0,0,11,12,20.11816066211015,26.091954022988507,"[21.0, 35.0, 51.0, 6.0, 42.0, 43.0, 8.0]",4,"[56.47, 7.170000000000002, 2.3100000000000023, 3.430000000000007]"
3MZ3TAMYUBEU4QXW9VR5NMHHAYGIRM,A13Z1UE0HXRU5V,3XLBSAQ90V384H0LQNMM6KP27017ZK,row_0,0,0,6,33,39.37590070397473,41.193548387096776,"[1.0, 0.0, 3.0, 12.0, 0.0, 2.0]",4,"[46.47, 59.83, 24.310000000000002, 3.569999999999993]"
3MZ3TAMYUBEU4QXW9VR5NMHHAYGIRM,AT5SRP5JN4KXN,34X6J5FLQKPSAK0W40S6IHI7TSTQJT,row_0,0,0,6,3,12.054421335095583,24.07608695652174,"[2.0, 1.0, 6.0, 3.0, 16.0, 12.0]",4,"[5.530000000000001, 7.829999999999998, 22.689999999999998, 40.43000000000001]"
3AA88CN99FUU7MZ6NT4B8YPR5PJYKE,A369AG143K4YH9,3ZOTGHDK692IOB66CH9GLDEUAAPSO4,row_0,0,0,6,4,10.365456984026931,26.206521739130434,"[14.0, 25.0, 4.0, 6.0, 39.0, 8.0]",4,"[19.47, 5.829999999999998, 23.689999999999998, 20.430000000000007]"
