HIT_ID,Worker_ID,Assignment_ID,Sample_Row_Name,Sample_Row_Index,Unique_HIT_Index,Unset,Stalls,ConsSD,DiffSD,repeatDiffs,Goldcount,goldDiffs
3GS542CVKLECO26V8U8P7SDIZOF59J,A1XD6THGBT1T9T,3LEP4MGT47RS3SYFBM95KUSV2U1DB4,row_0,0,0,6,6,12.322355455916828,26.376344086021504,"[22.0, 21.0, 0.0, 0.0, 1.0, 20.0]",4,"[52.47, 33.83, 0.6899999999999977, 21.430000000000007]"
3BAWBGQGZBQP8DXHZOSIXUGBHMT7VG,A3AUVNZR4RZMNW,3TR2532VJGLZ02HCPRE8CC1GTBJJ6V,row_0,0,0,6,11,16.401435572744262,32.01086956521739,"[1.0, 2.0, 0.0, 20.0, 10.0, 48.0]",4,"[10.469999999999999, 14.170000000000002, 3.3100000000000023, 26.430000000000007]"
3T8DUCXY1DXE94HL9QQNA8JWFR0T9X,A3AUVNZR4RZMNW,37TRT2X25HI56EY7LIVGNSN87CMJB8,row_0,0,0,6,9,18.568905590452758,32.54838709677419,"[2.0, 17.0, 2.0, 6.0, 0.0, 7.0]",4,"[0.5300000000000011, 21.17, 13.689999999999998, 13.430000000000007]"
3T8DUCXY1DXE94HL9QQNA8JWFR0T9X,A3TD836U3Z1J2B,33FBRBDW7FQZW2UU8EUK9MKC9NLC8J,row_0,0,0,6,7,4.840167044566602,31.752688172043012,"[3.0, 12.0, 3.0, 10.0, 5.0, 0.0]",4,"[63.47, 36.83, 4.689999999999998, 15.430000000000007]"
3P7QK0GJ4JCZVW5LU90QM9CZUHD2ZV,A2C1Z52F4B0CG1,3Y4W8Q93MQB7C6WLG305L6M25K5DVU,row_0,0,0,6,0,18.28744928219076,29.64516129032258,"[26.0, 4.0, 0.0, 19.0, 36.0, 0.0]",4,"[8.530000000000001, 3.1700000000000017, 2.6899999999999977, 0.5699999999999932]"
3P7QK0GJ4JCZVW5LU90QM9CZUHD2ZV,AMH0GT8UM7S1C,358010RM65KLAC12731HFDPUL22XV1,row_0,0,0,6,10,19.903272118443084,32.77173913043478,"[6.0, 15.0, 5.0, 9.0, 31.0, 0.0]",4,"[4.530000000000001, 24.17, 9.689999999999998, 9.430000000000007]"
