HIT_ID,Worker_ID,Assignment_ID,Sample_Row_Name,Sample_Row_Index,Unique_HIT_Index,Unset,Stalls,ConsSD,DiffSD,repeatDiffs,Goldcount,goldDiffs
3LN3BXKGDQMLGV8NI118P9CINVMWGK,A2XYKHFV39INDC,3HSYG7LRCAP1A18J9G8LNA6B80MKKS,row_0,0,0,32,12,26.08204624055932,34.58461538461538,"[19.0, 0.0, 8.0, 0.0, 9.0, 28.0]",4,"[11.530000000000001, 25.17, 14.310000000000002, 7.569999999999993]"
3GVPRXWRQ7LKM7DH0HTZI5QH9H5I7W,A2RAXDXAJ13EYX,3F0BG9B9NGE8ZRQGU1K3SDG00SS7YV,row_0,0,0,31,0,5.479907367525247,26.772727272727273,"[0.0, 7.0, 4.0, 2.0]",4,"[50.47, 31.83, 4.689999999999998, 19.430000000000007]"
3GVPRXWRQ7LKM7DH0HTZI5QH9H5I7W,AK84D0JFR31KS,3PXX5PX6MOPU5LV3RCI3UTKPGRGBAB,row_0,0,0,31,0,18.8595224916594,32.59090909090909,"[14.0, 35.0, 10.0, 0.0]",4,"[67.47, 42.83, 2.6899999999999977, 24.430000000000007]"
3GVPRXWRQ7LKM7DH0HTZI5QH9H5I7W,A1WKUNC2NQCX5J,3XLBSAQ90V384H0LQNMM6KP26MW7ZM,row_0,0,0,31,0,5.854448207988381,31.46969696969697,"[9.0, 1.0, 14.0, 4.0, 22.0, 1.0]",4,"[49.47, 40.83, 27.689999999999998, 21.430000000000007]"
366FYU4PU6GW1HIFNSSH1VXBN8YKEV,A2XYKHFV39INDC,36W0OB37IN55X66X3W8YXXEWKTVHZ9,row_0,0,0,32,16,24.70820959320556,36.184615384615384,"[76.0, 28.0, 9.0, 38.0, 0.0]",4,"[3.469999999999999, 5.170000000000002, 15.310000000000002, 5.430000000000007]"
366FYU4PU6GW1HIFNSSH1VXBN8YKEV,A1Q17AURTUSKIT,3TGOYF992ODTGTI7X8GPZKO7CF9UUH,row_0,0,0,32,0,17.47035358651535,30.446153846153845,"[16.0, 3.0, 5.0, 2.0, 2.0]",4,"[10.469999999999999, 31.83, 13.310000000000002, 5.430000000000007]"
