HIT_ID,Worker_ID,Assignment_ID,Sample_Row_Name,Sample_Row_Index,Unique_HIT_Index,Unset,Stalls,ConsSD,DiffSD,repeatDiffs,Goldcount,goldDiffs
3KL228NDNLDULVE6TNI51YIN0FHKGY,A18LFH7XW61JO9,3IJXV6UZ2OAWRAVQZXW6B6DCAL6IRG,row_0,0,0,6,4,13.845632987849926,27.95505617977528,"[5.0, 4.0, 17.0, 24.0, 25.0, 4.0]",4,"[5.530000000000001, 12.170000000000002, 22.689999999999998, 3.569999999999993]"
3UEBBGULQ5F2ARNNCHGPP0R91RFUF6,AAWX7QFQUNM6D,3Z2R0DQ0K8537LCJOOREPJ7C648E2L,row_0,0,0,20,0,17.721048376311025,30.426666666666666,"[9.0, 2.0, 1.0, 38.0, 0.0]",4,"[0.5300000000000011, 12.829999999999998, 22.689999999999998, 5.569999999999993]"
