HIT_ID,Worker_ID,Assignment_ID,Sample_Row_Name,Sample_Row_Index,Unique_HIT_Index,Unset,Stalls,ConsSD,DiffSD,repeatDiffs,Goldcount,goldDiffs
3PEG1BH7B4IYUE6VD1QR0NRQLRTBKR,A2OS0OZV7GEHBF,3A1PQ49WW8882ALPVLZ653UKBZNH1Z,row_0,0,0,29,2,16.290418396396596,28.5,"[8.0, 28.0, 38.0, 16.0]",4,"[18.47, 24.83, 34.69, 26.430000000000007]"
3TTPFEFXDJB1MCOSBP6MCFP6F9E6HX,A3E0K9K6AG884X,333U7HK6J06YLBWRZEMMIIB8DNKDJE,row_0,0,0,30,13,8.051633962111207,21.18032786885246,"[16.0, 11.0, 9.0, 14.0]",4,"[45.47, 22.83, 16.689999999999998, 29.430000000000007]"
3TTPFEFXDJB1MCOSBP6MCFP6F9E6HX,A24MYCKZ4F1RHO,3H0W84IWCBTKB5T43E6FQRFKNJMREQ,row_0,0,0,7,7,11.296176334195684,31.047619047619047,"[10.0, 16.0, 1.0, 23.0, 38.0, 42.0, 14.0]",4,"[62.47, 49.83, 16.310000000000002, 0.4300000000000068]"
3TTPFEFXDJB1MCOSBP6MCFP6F9E6HX,A1IH7F19OWLD3A,3M68NM0778YGYQ0PXWNHE3N76UB6RF,row_0,0,0,6,8,10.8114025498381,28.1046511627907,"[0.0, 9.0, 7.0, 1.0, 10.0, 9.0]",4,"[7.530000000000001, 26.17, 22.689999999999998, 21.430000000000007]"
3XT3KXP25PP1I7ZCH7O7CRQLFMT6IQ,A28SI31QDC5Q3Q,3MYYFCXHKUYBUDNXYX0QI1PM8KG4GY,row_0,0,0,30,23,16.39368852274593,30.80327868852459,"[12.0, 12.0, 2.0, 22.0]",4,"[63.47, 53.83, 4.310000000000002, 7.569999999999993]"
3XT3KXP25PP1I7ZCH7O7CRQLFMT6IQ,A22NKZMWCO24TN,3NVC2EB66HQQY8PTSPHDFW4KZSP3YD,row_0,0,0,8,3,19.21060063242274,24.313253012048193,"[2.0, 3.0, 2.0, 13.0, 18.0, 0.0, 23.0]",4,"[11.469999999999999, 24.83, 0.6899999999999977, 3.569999999999993]"
