HIT_ID,Worker_ID,Assignment_ID,Sample_Row_Name,Sample_Row_Index,Unique_HIT_Index,Unset,Stalls,ConsSD,DiffSD,repeatDiffs,Goldcount,goldDiffs
30EV7DWJULMN87EHLPAAYFK94IQY6C,A1Q7VWUBIJOK17,3P59JYT77CB5W4UGEJG9O57D9GY2T6,row_0,0,0,6,5,24.92370086989296,41.21176470588235,"[1.0, 0.0, 12.0, 67.0, 8.0, 2.0]",4,"[40.47, 55.83, 12.689999999999998, 0.4300000000000068]"
3JGHED38F3I6C7SM4ZF24TK5ZTAY7B,AM0JKZVOEOTMA,3WETL7AQXKZSWKF9HNCG4Z6RZV853X,row_0,0,0,6,3,18.030669892920027,20.74418604651163,"[16.0, 32.0, 8.0, 16.0, 6.0, 11.0]",4,"[22.47, 23.17, 22.689999999999998, 3.430000000000007]"
