HIT_ID,Worker_ID,Assignment_ID,Sample_Row_Name,Sample_Row_Index,Unique_HIT_Index,Unset,Stalls,ConsSD,DiffSD,repeatDiffs,Goldcount,goldDiffs
3KL228NDNLDULVE6TNI51YIN0FHKGY,A29ZTHY1OB4IC8,34BBWHLWI121Z6CCYR6CY5LT25TWIF,row_0,0,0,6,3,11.487239297005468,27.122222222222224,"[4.0, 9.0, 9.0, 15.0, 2.0, 6.0]",4,"[12.530000000000001, 26.17, 12.310000000000002, 18.430000000000007]"
3KL228NDNLDULVE6TNI51YIN0FHKGY,A18LFH7XW61JO9,3IJXV6UZ2OAWRAVQZXW6B6DCAL6IRG,row_0,0,0,6,4,13.845632987849926,27.95505617977528,"[5.0, 4.0, 17.0, 24.0, 25.0, 4.0]",4,"[5.530000000000001, 12.170000000000002, 22.689999999999998, 3.569999999999993]"
