HIT_ID,Worker_ID,Assignment_ID,Sample_Row_Name,Sample_Row_Index,Unique_HIT_Index,Unset,Stalls,ConsSD,DiffSD,repeatDiffs,Goldcount,goldDiffs
3VW0145YMO3Z2L4AM5GODO27HCTMJ9,AAC5XT7UY7B2K,3LJ7UR74S84H454JL1DL8LYJ49G4N5,row_0,0,0,6,5,9.641064609070963,33.37362637362637,"[2.0, 6.0, 1.0, 0.0, 35.0, 13.0]",4,"[11.530000000000001, 24.17, 40.69, 32.43000000000001]"
3VW0145YMO3Z2L4AM5GODO27HCTMJ9,A18LFH7XW61JO9,3OVR4I9UTGA272HB1T52CFTO9CMQ4H,row_0,0,0,6,2,14.986771125867405,24.208791208791208,"[8.0, 7.0, 20.0, 11.0, 3.0, 1.0]",4,"[10.530000000000001, 25.17, 22.689999999999998, 1.4300000000000068]"
3P6ENY9P8ZNHFWJTDQFB9IFBNB5HIJ,A13XXMDHOULEZ7,3ERMJ6L4EPJ85A12BYWSYITTQHJ7M7,row_0,0,0,6,1,18.23869174428939,37.51111111111111,"[36.0, 4.0, 24.0, 0.0, 23.0, 10.0]",4,"[5.530000000000001, 6.829999999999998, 20.310000000000002, 3.430000000000007]"
3P6ENY9P8ZNHFWJTDQFB9IFBNB5HIJ,A18LFH7XW61JO9,3U4J9857P52CMJX5K96JK2IZEMY7B9,row_0,0,0,6,3,17.485750749966122,26.516483516483518,"[5.0, 9.0, 16.0, 5.0, 1.0, 24.0]",4,"[1.5300000000000011, 20.17, 26.689999999999998, 5.430000000000007]"
3PKJ68EHEDNDA73ZV80BLJUB0QUHJV,A2IRHCO3GWX449,3AMYWKA6Z2DD1D89546DK8I2QAW6OC,row_0,0,0,6,2,10.533114641235287,24.582417582417584,"[15.0, 0.0, 0.0, 10.0, 2.0, 0.0]",4,"[20.47, 2.8299999999999983, 22.689999999999998, 42.43000000000001]"
