HIT_ID,Worker_ID,Assignment_ID,Sample_Row_Name,Sample_Row_Index,Unique_HIT_Index,Unset,Stalls,ConsSD,DiffSD,repeatDiffs,Goldcount,goldDiffs
3J5XXLQDIC277UWUXCPSKD4VCMVV3R,AI7B82OSX87GD,308Q0PEVCZ4QNAZ45GWKKLDI6DE9IS,row_0,0,0,28,11,8.567826866298761,28.704225352112676,"[3.0, 10.0, 16.0, 8.0, 18.0]",3,"[15.469999999999999, 8.170000000000002, 2.6899999999999977]"
3IQ9O0AYXWQ7K5AODKW0N1IZYJDITZ,A2TW985PTHOP3A,3GFK2QRXY08PNIHXR7NI9WHOZS75WI,row_0,0,0,15,2,12.856895162899423,31.879518072289155,"[1.0, 0.0, 0.0, 11.0, 18.0, 1.0]",4,"[59.47, 40.83, 5.310000000000002, 14.430000000000007]"
38XPGNCKIJRSPQFYXQUBUIW1QMRV4C,AH4ERHALTP5ME,3483FV8BF5AZU6J4I68GDVFZRHJ62F,row_0,0,0,6,12,13.262951597341328,26.118279569892472,"[0.0, 0.0, 0.0, 21.0, 21.0, 21.0]",4,"[10.530000000000001, 29.17, 1.6899999999999977, 0.4300000000000068]"
