HIT_ID,Worker_ID,Assignment_ID,Sample_Row_Name,Sample_Row_Index,Unique_HIT_Index,Unset,Stalls,ConsSD,DiffSD,repeatDiffs,Goldcount,goldDiffs
3UUSLRKAVBU3EWXV83SOR8A4HFQ7DI,A1NN61ZAXV9FR0,33ISQZVXQGD185K7PQAPB8GVZDJCC0,row_0,0,0,26,34,26.815879376812084,30.438356164383563,"[7.0, 1.0, 1.0, 0.0, 45.0, 1.0, 0.0]",3,"[20.47, 13.170000000000002, 27.689999999999998]"
3NCN4N1H268Z2KRYAEI7SF8UE9JBNQ,A1NN61ZAXV9FR0,3AAPLD8UD389BUXYX4JGB9DF0RTHT2,row_0,0,0,32,29,23.86674823385111,31.96969696969697,"[1.0, 41.0, 18.0, 4.0, 9.0]",4,"[40.47, 8.829999999999998, 18.689999999999998, 25.430000000000007]"
3NCN4N1H268Z2KRYAEI7SF8UE9JBNQ,A2C1Z52F4B0CG1,323Q6SJS997ZSPFX2KERU5YE9LXHFC,row_0,0,0,6,2,14.428849519703572,30.548387096774192,"[18.0, 3.0, 16.0, 1.0, 15.0, 10.0]",4,"[0.46999999999999886, 14.170000000000002, 5.310000000000002, 20.430000000000007]"
37VE3DA4ZK87SO5N7GNUNVBYSXAHBN,A2C1Z52F4B0CG1,3OSWBBLG25OZGV1GGI1N9RJNLXOXDW,row_0,0,0,6,1,16.411542545826073,30.597826086956523,"[12.0, 4.0, 3.0, 1.0, 8.0, 4.0]",4,"[0.46999999999999886, 20.17, 9.310000000000002, 32.43000000000001]"
3G9UA71JWLLGHIXNIZEZU65HMZNJ78,A1NN61ZAXV9FR0,3LRLIPTPFH0VYOZXXPVWTW3F4JCKAO,row_0,0,0,26,23,20.21614969110917,28.52777777777778,"[3.0, 40.0, 10.0, 2.0, 35.0, 0.0]",4,"[7.530000000000001, 9.829999999999998, 41.69, 29.430000000000007]"
3G9UA71JWLLGHIXNIZEZU65HMZNJ78,A2K0L9M1ZZO5C9,3FTF2T8WMI98O5J9UX0ZLCMQLA59W0,row_0,0,0,6,0,13.081598637626215,32.774193548387096,"[20.0, 25.0, 6.0, 2.0, 4.0, 14.0]",4,"[9.530000000000001, 29.17, 62.69, 34.43000000000001]"
3H781YYV7J9V4082H1692MK76OIETU,A1NN61ZAXV9FR0,3YJ6NA41K277A8ZH4NDHICSXOGCPJA,row_0,0,0,25,31,27.314422712581695,35.71232876712329,"[9.0, 11.0, 3.0, 10.0]",4,"[0.46999999999999886, 20.17, 3.6899999999999977, 9.430000000000007]"
