HIT_ID,Worker_ID,Assignment_ID,Sample_Row_Name,Sample_Row_Index,Unique_HIT_Index,Unset,Stalls,ConsSD,DiffSD,repeatDiffs,Goldcount,goldDiffs
3RWO3EJEM70YS7LJOW2AQS0GTP81PZ,AVNYN96Q8S1NW,3DI28L7YY15WI0UN5KR0K0X7JJ61EE,row_0,0,0,6,2,26.557139595899027,31.293478260869566,"[7.0, 0.0, 0.0, 0.0, 60.0, 6.0]",4,"[18.53, 37.17, 17.689999999999998, 7.569999999999993]"
3RWO3EJEM70YS7LJOW2AQS0GTP81PZ,AEXTZV2XLU0NW,3X0H8UUIUSFQTKF8330Q27RGGNBSWS,row_0,0,0,6,4,24.099255218354678,30.83695652173913,"[29.0, 39.0, 39.0, 8.0, 6.0, 39.0]",4,"[18.53, 37.17, 9.310000000000002, 7.569999999999993]"
3RWO3EJEM70YS7LJOW2AQS0GTP81PZ,AJSOHKPWWDS3G,3X3OR7WP0QRSZ6O0LRNJC5AZ6MML8E,row_0,0,0,6,2,30.50866807937239,37.69565217391305,"[26.0, 29.0, 25.0, 29.0, 50.0, 37.0]",4,"[18.53, 37.17, 27.310000000000002, 3.569999999999993]"
3XAOZ9UYSPIJSJMYO9HZQXQQYLU1QQ,A2ATPVV665TR66,3JW0YLFXSK7J01WHN8ARZWU1M0TWWX,row_0,0,0,8,1,23.460313613829527,31.573033707865168,"[26.0, 48.0, 16.0, 53.0, 36.0, 1.0]",4,"[5.469999999999999, 28.17, 14.689999999999998, 3.569999999999993]"
