HIT_ID,Worker_ID,Assignment_ID,Sample_Row_Name,Sample_Row_Index,Unique_HIT_Index,Unset,Stalls,ConsSD,DiffSD,repeatDiffs,Goldcount,goldDiffs
37MQ8Z1JR4NZQ6VGYNY7823XP322YU,AQTP7NEWCUGIX,3AQF3RZ56Z9JV0VG61NNXE9O3NG6FY,row_0,0,0,31,2,10.681155057734832,34.131147540983605,"[10.0, 2.0, 2.0, 12.0, 6.0]",4,"[40.47, 17.83, 23.310000000000002, 6.430000000000007]"
3ACRLU861D5V8EELHFFO2SEL1X9EBS,A1TRCGTBFJO7UQ,3NL0RFNU16EGWZJGOOL5GTHFFPMK4I,row_0,0,0,6,1,17.98706982627783,27.551724137931036,"[3.0, 4.0, 2.0, 2.0, 5.0, 10.0]",4,"[18.53, 37.17, 27.310000000000002, 7.569999999999993]"
3ACRLU861D5V8EELHFFO2SEL1X9EBS,ACI8PUCF5OPDC,3WYGZ5XF4N6ZYKLREPHNEWXLT9ZSKF,row_0,0,0,30,3,25.26867078429324,29.838709677419356,"[18.0, 30.0, 15.0, 18.0, 9.0]",4,"[10.530000000000001, 6.170000000000002, 27.310000000000002, 6.569999999999993]"
