HIT_ID,Worker_ID,Assignment_ID,Sample_Row_Name,Sample_Row_Index,Unique_HIT_Index,Unset,Stalls,ConsSD,DiffSD,repeatDiffs,Goldcount,goldDiffs
30Z7M1Q8VOB9G3Z2YYTSF7YT72K8A1,A3KGCURZJ02L3,30BUDKLTY4MV6IV667TCNQAOU3L5EH,row_0,0,0,6,0,12.772439134569442,24.568181818181817,"[5.0, 27.0, 15.0, 10.0, 10.0, 4.0]",4,"[12.469999999999999, 4.170000000000002, 13.689999999999998, 5.430000000000007]"
30Z7M1Q8VOB9G3Z2YYTSF7YT72K8A1,A1QA776LKNBK9C,358010RM65KLAC12731HFDPUNBCXVV,row_0,0,0,30,2,5.83863812351084,33.22222222222222,"[2.0, 15.0, 3.0, 20.0, 0.0]",4,"[50.47, 23.83, 1.3100000000000023, 26.430000000000007]"
30Z7M1Q8VOB9G3Z2YYTSF7YT72K8A1,A2FC99DDV5E9TW,3B1NLC6UHQNXJ69GWHSELZ0HYC1GPH,row_0,0,0,6,0,14.846598519637613,28.636363636363637,"[1.0, 0.0, 1.0, 1.0, 2.0, 2.0]",4,"[9.469999999999999, 37.17, 22.689999999999998, 7.569999999999993]"
30Z7M1Q8VOB9G3Z2YYTSF7YT72K8A1,A385BM7R0Z59IN,3G0WWMR1VMBOTARHJYKYBOZO4ZXNQ5,row_0,0,0,6,1,17.369135106240694,29.568181818181817,"[7.0, 1.0, 42.0, 28.0, 0.0, 8.0]",4,"[0.46999999999999886, 13.170000000000002, 32.69, 4.430000000000007]"
30Z7M1Q8VOB9G3Z2YYTSF7YT72K8A1,A2OTMALDJLAS7,3MAOD8E58H1827ST5CFQ5WVH1NYXNW,row_0,0,0,7,3,15.90721474050164,34.53488372093023,"[1.0, 1.0, 6.0, 0.0, 20.0, 0.0, 0.0]",4,"[10.469999999999999, 37.17, 21.689999999999998, 7.569999999999993]"
