HIT_ID,Worker_ID,Assignment_ID,Sample_Row_Name,Sample_Row_Index,Unique_HIT_Index,Unset,Stalls,ConsSD,DiffSD,repeatDiffs,Goldcount,goldDiffs
3VW0145YMO3Z2L4AM5GODO27HCTMJ9,AAC5XT7UY7B2K,3LJ7UR74S84H454JL1DL8LYJ49G4N5,row_0,0,0,6,5,9.641064609070963,33.37362637362637,"[2.0, 6.0, 1.0, 0.0, 35.0, 13.0]",4,"[11.530000000000001, 24.17, 40.69, 32.43000000000001]"
3P6ENY9P8ZNHFWJTDQFB9IFBNB5HIJ,A29ZTHY1OB4IC8,34QN5IT0UQIF2AZEWY10ELIBY5I08K,row_0,0,0,6,1,13.327699771903582,25.846153846153847,"[25.0, 22.0, 2.0, 17.0, 20.0, 3.0]",4,"[16.53, 16.17, 20.310000000000002, 3.569999999999993]"
3P6ENY9P8ZNHFWJTDQFB9IFBNB5HIJ,A18LFH7XW61JO9,3U4J9857P52CMJX5K96JK2IZEMY7B9,row_0,0,0,6,3,17.485750749966122,26.516483516483518,"[5.0, 9.0, 16.0, 5.0, 1.0, 24.0]",4,"[1.5300000000000011, 20.17, 26.689999999999998, 5.430000000000007]"
3PKJ68EHEDNDA73ZV80BLJUB0QUHJV,A2IRHCO3GWX449,3AMYWKA6Z2DD1D89546DK8I2QAW6OC,row_0,0,0,6,2,10.533114641235287,24.582417582417584,"[15.0, 0.0, 0.0, 10.0, 2.0, 0.0]",4,"[20.47, 2.8299999999999983, 22.689999999999998, 42.43000000000001]"
