HIT_ID,Worker_ID,Assignment_ID,Sample_Row_Name,Sample_Row_Index,Unique_HIT_Index,Unset,Stalls,ConsSD,DiffSD,repeatDiffs,Goldcount,goldDiffs
3D1TUISJX8RMKIPDDPMASX41HXKIUQ,ACBK30I7R42NI,3QRYMNZ7GP81LQJ902ETGTABNWONTQ,row_0,0,0,6,1,18.692508498697276,37.24731182795699,"[25.0, 3.0, 9.0, 19.0, 20.0, 5.0]",4,"[9.530000000000001, 3.1700000000000017, 2.6899999999999977, 31.430000000000007]"
3KL228NDNLDULVE6TNI51YIN0TTGKY,A36NPTH2FLH2PA,3N8OEVH1GIH3QJED50S7184TDKSOO7,row_0,0,0,6,6,17.941748731788397,37.204301075268816,"[5.0, 7.0, 3.0, 10.0, 17.0, 1.0]",4,"[18.53, 37.17, 8.689999999999998, 7.569999999999993]"
3KL228NDNLDULVE6TNI51YIN0TTGKY,AT5SRP5JN4KXN,35USIKEBOI7VJS8X4P605JIX2BVN66,row_0,0,0,6,4,15.250443283694194,25.827956989247312,"[34.0, 29.0, 2.0, 50.0, 47.0, 28.0]",4,"[27.47, 8.829999999999998, 18.689999999999998, 65.43]"
3KL228NDNLDULVE6TNI51YIN0TTGKY,A369AG143K4YH9,30IQTZXKBBX5HB0M46DSUKZ4RNVX0D,row_0,0,0,15,9,14.044482760434038,24.987951807228917,"[0.0, 21.0, 21.0, 21.0, 21.0, 0.0]",4,"[10.530000000000001, 29.17, 1.6899999999999977, 42.43000000000001]"
3WKGUBL7TPDPTL34JMS579YZZOQL4K,AT5SRP5JN4KXN,33TIN5LC1V1CDAE99YIN6976WW69YS,row_0,0,0,6,4,12.609295563399117,23.13978494623656,"[29.0, 7.0, 40.0, 6.0, 12.0, 4.0]",4,"[7.530000000000001, 3.8299999999999983, 41.69, 74.43]"
3OLZC0DJ996MXXEDIFWFOJ6KV4TIVF,A36NPTH2FLH2PA,3ZOTGHDK692IOB66CH9GLDEUA9VOS4,row_0,0,0,6,1,20.22377985994043,33.086021505376344,"[8.0, 3.0, 9.0, 1.0, 19.0, 7.0]",4,"[18.53, 37.17, 12.689999999999998, 7.569999999999993]"
3OLZC0DJ996MXXEDIFWFOJ6KV4TIVF,ATX76N0GN1SQ8,3SKEMFQB0UWHF06I0RBIX5XKEBU8KM,row_0,0,0,7,1,30.352981167671228,39.24175824175824,"[20.0, 0.0, 21.0, 0.0, 0.0, 7.0]",4,"[7.530000000000001, 27.17, 20.689999999999998, 11.430000000000007]"
38RHULDVAO6ZCMEI8P1BALPY2DVIWP,A3O8EW6AE6KVZ8,39RP059MF8KV7M4SOF883KFPBMBBMU,row_0,0,0,6,4,3.4710370274626685,28.731182795698924,"[8.0, 0.0, 10.0, 2.0, 2.0, 4.0]",4,"[55.47, 28.83, 3.6899999999999977, 25.430000000000007]"
38RHULDVAO6ZCMEI8P1BALPY2DVIWP,A369AG143K4YH9,30BXRYBRQVO13B1SS9ORYTKE42NWHH,row_0,0,0,8,6,9.970456358662826,27.255555555555556,"[11.0, 9.0, 12.0, 21.0, 23.0, 10.0, 0.0]",4,"[40.47, 8.170000000000002, 1.6899999999999977, 11.430000000000007]"
