HIT_ID,Worker_ID,Assignment_ID,Sample_Row_Name,Sample_Row_Index,Unique_HIT_Index,Unset,Stalls,ConsSD,DiffSD,repeatDiffs,Goldcount,goldDiffs
3R868ACW5I3PAQDSTOLFOD605DXZGH,A34D1LAUUQZCRT,33L7PJKHD7PGIJW5U0PAYWKG0ZH8TD,row_0,0,0,6,0,21.49098981154951,34.25806451612903,"[6.0, 4.0, 12.0, 25.0, 20.0, 5.0]",4,"[18.53, 37.17, 11.689999999999998, 7.569999999999993]"
3R868ACW5I3PAQDSTOLFOD605DXZGH,A2XSHWY53BSMV2,36AHBNMV2I3OG0RQLENPS5QWQRRYDR,row_0,0,0,6,1,26.037873639828252,36.29032258064516,"[24.0, 47.0, 0.0, 5.0, 6.0, 0.0]",4,"[18.53, 37.17, 12.689999999999998, 7.569999999999993]"
3R868ACW5I3PAQDSTOLFOD605DXZGH,A2IOZ7MGTMEPZL,3YWRV122DJQVIWBUU5FK3S6IJDO8U4,row_0,0,0,9,0,20.089784750045357,26.62962962962963,"[5.0, 34.0, 1.0, 5.0, 2.0, 3.0]",4,"[9.530000000000001, 29.17, 19.689999999999998, 19.430000000000007]"
